Season,Tournament Name,Date,Tournament Class,Match,Tab,Team 1 Player 1,Team 1 Player 2,Team 2 Player 1,Team 2 Player 2,Result,Winner Player 1,Winner Player 2
2022/2023,Moss RT 17 + Sen*,26.11.2022,SEN E,Herresingle,,Andreas Holmedal,,Geir Storvik,"21/16,21/11",Andreas Holmedal,
2022/2023,Moss RT 17 + Sen*,26.11.2022,SEN E,Herresingle,,Andreas Holmedal,,Andy Hang,"21/3,21/10",Andreas Holmedal,
2022/2023,Moss RT 17 + Sen*,26.11.2022,SEN E,Herresingle,,Geir Storvik,,Filip Bøhn,"18/21,21/12,21/18",Geir Storvik,
2022/2023,Moss RT 17 + Sen*,26.11.2022,SEN E,Herresingle,,Andy Hang,,Theodor Fjelldal,"13/21,21/19,21/11",Andy Hang,
2022/2023,Moss RT 17 + Sen*,26.11.2022,SEN E,Herresingle,,Geir Storvik,,Gonçalo Ribeiro,"21/10,21/16",Geir Storvik,
2022/2023,Moss RT 17 + Sen*,26.11.2022,SEN E,Herresingle,,Filip Bøhn,,Sander Hegseth,"21/12,21/9",Filip Bøhn,
2022/2023,Moss RT 17 + Sen*,26.11.2022,SEN E,Herresingle,,Andreas Holmedal,,Martin Grøtterød,"21/6,21/10",Andreas Holmedal,
2022/2023,Moss RT 17 + Sen*,26.11.2022,SEN E,Herresingle,,Martin Grøtterød,,Thor Christian Tallaksen,"23/21,21/17",Martin Grøtterød,
2022/2023,Moss RT 17 + Sen*,26.11.2022,SEN E,Herresingle,,Andreas Holmedal,,Thor Christian Tallaksen,"21/12,21/15",Andreas Holmedal,
2022/2023,Moss RT 17 + Sen*,26.11.2022,SEN E,Herresingle,,Sebastian Reijnen,,Tirakom Sonjamroen,"21/13,21/14",Sebastian Reijnen,
2022/2023,Moss RT 17 + Sen*,26.11.2022,SEN E,Herresingle,,Theodor Fjelldal,,Tirakom Sonjamroen,"21/11,21/9",Theodor Fjelldal,
2022/2023,Moss RT 17 + Sen*,26.11.2022,SEN E,Herresingle,,Theodor Fjelldal,,Sebastian Reijnen,"21/10,21/10",Theodor Fjelldal,
2022/2023,Moss RT 17 + Sen*,26.11.2022,SEN E,Herresingle,,Andy Hang,,Christer Andersen,"17/21,21/19,21/11",Andy Hang,
2022/2023,Moss RT 17 + Sen*,26.11.2022,SEN E,Herresingle,,Christer Andersen,,Johannes Orri Olafsson,"21/17,21/10",Christer Andersen,
2022/2023,Moss RT 17 + Sen*,26.11.2022,SEN E,Herresingle,,Andy Hang,,Johannes Orri Olafsson,"17/21,21/16,21/10",Andy Hang,
2022/2023,Moss RT 17 + Sen*,26.11.2022,SEN E,Herresingle,,Daniel Bjørklund,,Mats Berner Tombre,"22/20,19/21,21/14",Daniel Bjørklund,
2022/2023,Moss RT 17 + Sen*,26.11.2022,SEN E,Herresingle,,Gonçalo Ribeiro,,Daniel Bjørklund,"21/9,21/8",Gonçalo Ribeiro,
2022/2023,Moss RT 17 + Sen*,26.11.2022,SEN E,Herresingle,,Gonçalo Ribeiro,,Mats Berner Tombre,"21/14,21/15",Gonçalo Ribeiro,
2022/2023,Moss RT 17 + Sen*,26.11.2022,SEN E,Herresingle,,Geir Storvik,,Elias Ausen,"21/16,21/16",Geir Storvik,
2022/2023,Moss RT 17 + Sen*,26.11.2022,SEN E,Herresingle,,Filip Bøhn,,Jonatan Broch Granum,"21/12,21/15",Filip Bøhn,
2022/2023,Moss RT 17 + Sen*,26.11.2022,SEN E,Herresingle,,Sander Hegseth,,David Nguyen,"21/13,21/18",Sander Hegseth,
2022/2023,Moss RT 17 + Sen*,26.11.2022,SEN E,Herresingle,,Sander Hegseth,,Truls Helgerød,"21/13,21/15",Sander Hegseth,
2022/2023,Moss RT 17 + Sen*,26.11.2022,SEN E,Herresingle,,David Nguyen,,Truls Helgerød,"21/16,21/16",David Nguyen,
2022/2023,Moss RT 17 + Sen*,26.11.2022,SEN E,Damesingle,,Vilde Espeseth,,Helene Abusdal,"21/13,21/5",Vilde Espeseth,
2022/2023,Moss RT 17 + Sen*,26.11.2022,SEN E,Damesingle,,Helene Abusdal,,Stine Skjævesland Pedersen,"21/16,21/19",Helene Abusdal,
2022/2023,Moss RT 17 + Sen*,26.11.2022,SEN E,Damesingle,,Vilde Espeseth,,Katja Botcharova Ellingsen,"21/13,21/15",Vilde Espeseth,
2022/2023,Moss RT 17 + Sen*,26.11.2022,SEN E,Damesingle,,Stine Skjævesland Pedersen,,Lisa Olsen Berg,"15/21,21/7,21/9",Stine Skjævesland Pedersen,
2022/2023,Moss RT 17 + Sen*,26.11.2022,SEN E,Damesingle,,Helene Abusdal,,Julie Marie Andersen Abusdal,"16/21,21/18,21/13",Helene Abusdal,
2022/2023,Moss RT 17 + Sen*,26.11.2022,SEN E,Damesingle,,Maja Morvik Kragholm,,Julie Marie Andersen Abusdal,"11/21,21/13,21/6",Maja Morvik Kragholm,
2022/2023,Moss RT 17 + Sen*,26.11.2022,SEN E,Damesingle,,Helene Abusdal,,Maja Morvik Kragholm,"21/16,22/20",Helene Abusdal,
2022/2023,Moss RT 17 + Sen*,26.11.2022,SEN E,Damesingle,,Katja Botcharova Ellingsen,,Kristine  Grande Ødegårdstuen,"14/21,21/11,21/13",Katja Botcharova Ellingsen,
2022/2023,Moss RT 17 + Sen*,26.11.2022,SEN E,Damesingle,,Vilde Espeseth,,Frida Bjørvik Løvheim,"21/4,21/10",Vilde Espeseth,
2022/2023,Moss RT 17 + Sen*,26.11.2022,SEN E,Damesingle,,Elise Lærkerød Jelsness,,Frida Bjørvik Løvheim,"16/21,21/19,21/15",Elise Lærkerød Jelsness,
2022/2023,Moss RT 17 + Sen*,26.11.2022,SEN E,Damesingle,,Vilde Espeseth,,Elise Lærkerød Jelsness,"21/8,21/6",Vilde Espeseth,
2022/2023,Moss RT 17 + Sen*,26.11.2022,SEN E,Herredouble,Theodor Fjelldal,Mathias Ji Hong,Fredrik Kristensen,Sander Bunes Kristensen,"21/18,21/17",Theodor Fjelldal,Mathias Ji Hong
2022/2023,Moss RT 17 + Sen*,26.11.2022,SEN E,Herredouble,Fredrik Kristensen,Sander Bunes Kristensen,Sander Østhassel,Filip Bøhn,"21/16,21/19",Fredrik Kristensen,Sander Bunes Kristensen
2022/2023,Moss RT 17 + Sen*,26.11.2022,SEN E,Herredouble,Theodor Fjelldal,Mathias Ji Hong,Christer Andersen,Elias Ausen,"21/10,21/10",Theodor Fjelldal,Mathias Ji Hong
2022/2023,Moss RT 17 + Sen*,26.11.2022,SEN E,Herredouble,Jonatan Broch Granum,Andreas Andersen Roksvåg,Advait Mital,Daniel Bjørklund,"26/24,21/14",Jonatan Broch Granum,Andreas Andersen Roksvåg
2022/2023,Moss RT 17 + Sen*,26.11.2022,SEN E,Herredouble,Fredrik Kristensen,Sander Bunes Kristensen,Jonatan Broch Granum,Andreas Andersen Roksvåg,"21/17,21/15",Fredrik Kristensen,Sander Bunes Kristensen
2022/2023,Moss RT 17 + Sen*,26.11.2022,SEN E,Herredouble,Fredrik Kristensen,Sander Bunes Kristensen,Advait Mital,Daniel Bjørklund,"21/10,21/17",Fredrik Kristensen,Sander Bunes Kristensen
2022/2023,Moss RT 17 + Sen*,26.11.2022,SEN E,Herredouble,Sander Østhassel,Filip Bøhn,Carl Christian Møller Jacobsen,Martin Grøtterød,"21/11,21/19",Sander Østhassel,Filip Bøhn
2022/2023,Moss RT 17 + Sen*,26.11.2022,SEN E,Herredouble,Carl Christian Møller Jacobsen,Martin Grøtterød,Bharath Kumar Balasingam,Keveen Kumar Balasingam,"21/12,21/16",Carl Christian Møller Jacobsen,Martin Grøtterød
2022/2023,Moss RT 17 + Sen*,26.11.2022,SEN E,Herredouble,Sander Østhassel,Filip Bøhn,Bharath Kumar Balasingam,Keveen Kumar Balasingam,"21/18,21/11",Sander Østhassel,Filip Bøhn
2022/2023,Moss RT 17 + Sen*,26.11.2022,SEN E,Herredouble,Johannes Orri Olafsson,Marius Sørby,Sander Hegseth,Truls Helgerød,"21/15,21/16",Johannes Orri Olafsson,Marius Sørby
2022/2023,Moss RT 17 + Sen*,26.11.2022,SEN E,Herredouble,Christer Andersen,Elias Ausen,Andreas Haglund,Tirakom Sonjamroen,"21/5,21/12",Christer Andersen,Elias Ausen
2022/2023,Moss RT 17 + Sen*,26.11.2022,SEN E,Herredouble,Christer Andersen,Elias Ausen,Johannes Orri Olafsson,Marius Sørby,"21/9,21/13",Christer Andersen,Elias Ausen
2022/2023,Moss RT 17 + Sen*,26.11.2022,SEN E,Herredouble,Sander Hegseth,Truls Helgerød,Andreas Haglund,Tirakom Sonjamroen,"21/19,18/21,21/12",Sander Hegseth,Truls Helgerød
2022/2023,Moss RT 17 + Sen*,26.11.2022,SEN E,Herredouble,Johannes Orri Olafsson,Marius Sørby,Andreas Haglund,Tirakom Sonjamroen,"21/14,21/9",Johannes Orri Olafsson,Marius Sørby
2022/2023,Moss RT 17 + Sen*,26.11.2022,SEN E,Herredouble,Christer Andersen,Elias Ausen,Sander Hegseth,Truls Helgerød,"21/13,21/12",Christer Andersen,Elias Ausen
2022/2023,Moss RT 17 + Sen*,26.11.2022,SEN E,Herredouble,Aleksander Jakovlevs,Mathias Wong,Ramesh Vinayaga,Kenneth salvadhoor,"21/12,21/14",Aleksander Jakovlevs,Mathias Wong
2022/2023,Moss RT 17 + Sen*,26.11.2022,SEN E,Herredouble,Theodor Fjelldal,Mathias Ji Hong,Ramesh Vinayaga,Kenneth salvadhoor,"21/10,21/7",Theodor Fjelldal,Mathias Ji Hong
2022/2023,Moss RT 17 + Sen*,26.11.2022,SEN E,Herredouble,Theodor Fjelldal,Mathias Ji Hong,Aleksander Jakovlevs,Mathias Wong,"21/13,16/21,22/20",Theodor Fjelldal,Mathias Ji Hong
2022/2023,Moss RT 17 + Sen*,26.11.2022,SEN E,Damedouble,Rikke Østhassel,June  Bøhn,Lisa Olsen Berg,Elise Lærkerød Jelsness,"21/17,21/19",Rikke Østhassel,June  Bøhn
2022/2023,Moss RT 17 + Sen*,26.11.2022,SEN E,Damedouble,Aimee Hong,Karianne Zhang,Lisa Olsen Berg,Elise Lærkerød Jelsness,"21/13,21/14",Aimee Hong,Karianne Zhang
2022/2023,Moss RT 17 + Sen*,26.11.2022,SEN E,Damedouble,Aimee Hong,Karianne Zhang,Rikke Østhassel,June  Bøhn,"24/22,21/19",Aimee Hong,Karianne Zhang
2022/2023,Moss RT 17 + Sen*,26.11.2022,SEN E,Damedouble,Natalie Kristensen,Vilde Espeseth,Katja Botcharova Ellingsen,Kristine  Grande Ødegårdstuen,"21/10,21/18",Natalie Kristensen,Vilde Espeseth
2022/2023,Moss RT 17 + Sen*,26.11.2022,SEN E,Damedouble,Julie Marie Andersen Abusdal,Helene Abusdal,Stine Skjævesland Pedersen,Maja Morvik Kragholm,"21/19,19/21,21/18",Julie Marie Andersen Abusdal,Helene Abusdal
2022/2023,Moss RT 17 + Sen*,26.11.2022,SEN E,Damedouble,Julie Marie Andersen Abusdal,Helene Abusdal,Katja Botcharova Ellingsen,Kristine  Grande Ødegårdstuen,"21/17,28/26",Julie Marie Andersen Abusdal,Helene Abusdal
2022/2023,Moss RT 17 + Sen*,26.11.2022,SEN E,Damedouble,Natalie Kristensen,Vilde Espeseth,Stine Skjævesland Pedersen,Maja Morvik Kragholm,"21/9,21/18",Natalie Kristensen,Vilde Espeseth
2022/2023,Moss RT 17 + Sen*,26.11.2022,SEN E,Damedouble,Katja Botcharova Ellingsen,Kristine  Grande Ødegårdstuen,Stine Skjævesland Pedersen,Maja Morvik Kragholm,"21/16,22/24,21/17",Katja Botcharova Ellingsen,Kristine  Grande Ødegårdstuen
2022/2023,Moss RT 17 + Sen*,26.11.2022,SEN E,Damedouble,Natalie Kristensen,Vilde Espeseth,Julie Marie Andersen Abusdal,Helene Abusdal,"21/12,23/25,21/15",Natalie Kristensen,Vilde Espeseth
2022/2023,Moss RT 17 + Sen*,26.11.2022,SEN E,Mixeddouble,Aimee Hong,Fredrik Kristensen,Andreas Andersen Roksvåg,Vilde Espeseth,"21/13,21/17",Aimee Hong,Fredrik Kristensen
2022/2023,Moss RT 17 + Sen*,26.11.2022,SEN E,Mixeddouble,Aimee Hong,Fredrik Kristensen,Rikke Østhassel,Torjus Flåtten,"21/14,21/16",Aimee Hong,Fredrik Kristensen
2022/2023,Moss RT 17 + Sen*,26.11.2022,SEN E,Mixeddouble,Andreas Andersen Roksvåg,Vilde Espeseth,Jørgen Rosenlund,Live Hov Grønbech,"21/9,21/15",Andreas Andersen Roksvåg,Vilde Espeseth
2022/2023,Moss RT 17 + Sen*,26.11.2022,SEN E,Mixeddouble,Rikke Østhassel,Torjus Flåtten,Carl Christian Møller Jacobsen,Frida Bjørvik Løvheim,"21/7,21/16",Rikke Østhassel,Torjus Flåtten
2022/2023,Moss RT 17 + Sen*,26.11.2022,SEN E,Mixeddouble,Andreas Andersen Roksvåg,Vilde Espeseth,Christer Andersen,Kristine  Grande Ødegårdstuen,"21/12,21/15",Andreas Andersen Roksvåg,Vilde Espeseth
2022/2023,Moss RT 17 + Sen*,26.11.2022,SEN E,Mixeddouble,Jørgen Rosenlund,Live Hov Grønbech,Elise Lærkerød Jelsness,Andy Hang,"21/18,21/17",Jørgen Rosenlund,Live Hov Grønbech
2022/2023,Moss RT 17 + Sen*,26.11.2022,SEN E,Mixeddouble,Aimee Hong,Fredrik Kristensen,Filip Bøhn,June  Bøhn,"21/9,21/10",Aimee Hong,Fredrik Kristensen
2022/2023,Moss RT 17 + Sen*,26.11.2022,SEN E,Mixeddouble,Rikke Østhassel,Torjus Flåtten,Andreas Holmedal,Katja Botcharova Ellingsen,"17/21,21/12,23/21",Rikke Østhassel,Torjus Flåtten
2022/2023,Moss RT 17 + Sen*,26.11.2022,SEN E,Mixeddouble,Carl Christian Møller Jacobsen,Frida Bjørvik Løvheim,Jonatan Broch Granum,Stine Skjævesland Pedersen,"16/21,21/16,21/14",Carl Christian Møller Jacobsen,Frida Bjørvik Løvheim
2022/2023,Moss RT 17 + Sen*,26.11.2022,SEN E,Mixeddouble,Andreas Andersen Roksvåg,Vilde Espeseth,Mathias Ji Hong,Julie Marie Andersen Abusdal,"11/21,21/11,21/16",Andreas Andersen Roksvåg,Vilde Espeseth
2022/2023,Moss RT 17 + Sen*,26.11.2022,SEN E,Mixeddouble,Elise Lærkerød Jelsness,Andy Hang,Johannes Orri Olafsson,Marielle Sørby,"21/17,19/21,21/16",Elise Lærkerød Jelsness,Andy Hang
2022/2023,Moss RT 17 + Sen*,26.11.2022,SEN E,Mixeddouble,Jørgen Rosenlund,Live Hov Grønbech,Sander Østhassel,Maja Morvik Kragholm,"19/21,21/11,21/14",Jørgen Rosenlund,Live Hov Grønbech
2022/2023,Moss RT 17 + Sen*,26.11.2022,SEN X,Herresingle,,Aleksander Jakovlevs,,Bharath Kumar Balasingam,"21/10,18/21,21/11",Aleksander Jakovlevs,
2022/2023,Moss RT 17 + Sen*,26.11.2022,SEN X,Herresingle,,Keveen Kumar Balasingam,,Advait Mital,"24/22,16/21,23/21",Keveen Kumar Balasingam,
2022/2023,Moss RT 17 + Sen*,26.11.2022,SEN X,Herresingle,,Torjus Flåtten,,Carl Christian Møller Jacobsen,"21/11,21/8",Torjus Flåtten,
2022/2023,Moss RT 17 + Sen*,26.11.2022,SEN X,Herresingle,,Torjus Flåtten,,Jørgen Rosenlund,"21/12,21/10",Torjus Flåtten,
2022/2023,Moss RT 17 + Sen*,26.11.2022,SEN X,Herresingle,,Carl Christian Møller Jacobsen,,Andreas Andersen Roksvåg,"21/17,21/8",Carl Christian Møller Jacobsen,
2022/2023,Moss RT 17 + Sen*,26.11.2022,SEN X,Herresingle,,Torjus Flåtten,,Advait Mital,"21/7,21/13",Torjus Flåtten,
2022/2023,Moss RT 17 + Sen*,26.11.2022,SEN X,Herresingle,,Andreas Andersen Roksvåg,,Aleksander Jakovlevs,"21/19,22/20",Andreas Andersen Roksvåg,
2022/2023,Moss RT 17 + Sen*,26.11.2022,SEN X,Herresingle,,Andreas Andersen Roksvåg,,Advait Mital,"21/13,21/19",Andreas Andersen Roksvåg,
2022/2023,Moss RT 17 + Sen*,26.11.2022,SEN X,Herresingle,,Torjus Flåtten,,Aleksander Jakovlevs,"21/11,21/7",Torjus Flåtten,
2022/2023,Moss RT 17 + Sen*,26.11.2022,SEN X,Herresingle,,Aleksander Jakovlevs,,Advait Mital,"21/13,21/8",Aleksander Jakovlevs,
2022/2023,Moss RT 17 + Sen*,26.11.2022,SEN X,Herresingle,,Torjus Flåtten,,Andreas Andersen Roksvåg,"21/6,21/11",Torjus Flåtten,
2022/2023,Moss RT 17 + Sen*,26.11.2022,SEN X,Herresingle,,Carl Christian Møller Jacobsen,,Bharath Kumar Balasingam,"21/15,21/14",Carl Christian Møller Jacobsen,
2022/2023,Moss RT 17 + Sen*,26.11.2022,SEN X,Herresingle,,Jørgen Rosenlund,,Keveen Kumar Balasingam,"21/16,21/9",Jørgen Rosenlund,
2022/2023,Moss RT 17 + Sen*,26.11.2022,SEN X,Herresingle,,Carl Christian Møller Jacobsen,,Jørgen Rosenlund,"21/13,21/17",Carl Christian Møller Jacobsen,
2022/2023,Moss RT 17 + Sen*,26.11.2022,SEN X,Herresingle,,Bharath Kumar Balasingam,,Keveen Kumar Balasingam,"21/11,21/12",Bharath Kumar Balasingam,
2022/2023,Moss RT 17 + Sen*,26.11.2022,SEN X,Herresingle,,Carl Christian Møller Jacobsen,,Keveen Kumar Balasingam,"21/15,21/6",Carl Christian Møller Jacobsen,
2022/2023,Moss RT 17 + Sen*,26.11.2022,SEN X,Herresingle,,Jørgen Rosenlund,,Bharath Kumar Balasingam,"19/21,21/14,21/19",Jørgen Rosenlund,
2022/2023,Moss RT 17 + Sen*,26.11.2022,U17 A,Herresingle,,Brynjar Hus,,Jakob Langeland Risa,"21/17,21/16",Brynjar Hus,
2022/2023,Moss RT 17 + Sen*,26.11.2022,U17 A,Herresingle,,Brynjar Hus,,Mathias Wong,"21/19,21/10",Brynjar Hus,
2022/2023,Moss RT 17 + Sen*,26.11.2022,U17 A,Herresingle,,Jakob Langeland Risa,,Adit Sharma,"26/24,21/18",Jakob Langeland Risa,
2022/2023,Moss RT 17 + Sen*,26.11.2022,U17 A,Herresingle,,Mathias Wong,,Måns Anders Lund Mabäcker,"21/9,21/13",Mathias Wong,
2022/2023,Moss RT 17 + Sen*,26.11.2022,U17 A,Herresingle,,Brynjar Hus,,Marius Sandvær,"21/15,21/18",Brynjar Hus,
2022/2023,Moss RT 17 + Sen*,26.11.2022,U17 A,Herresingle,,Jakob Langeland Risa,,Varun Manikandan,"21/16,23/25,21/17",Jakob Langeland Risa,
2022/2023,Moss RT 17 + Sen*,26.11.2022,U17 A,Herresingle,,Adit Sharma,,Heine Lam Nybakk,"21/13,21/15",Adit Sharma,
2022/2023,Moss RT 17 + Sen*,26.11.2022,U17 A,Herresingle,,Måns Anders Lund Mabäcker,,Johan Zang,"21/18,21/14",Måns Anders Lund Mabäcker,
2022/2023,Moss RT 17 + Sen*,26.11.2022,U17 A,Herresingle,,Marius Sandvær,,Ole Kristian Lie,"21/8,21/23,21/15",Marius Sandvær,
2022/2023,Moss RT 17 + Sen*,26.11.2022,U17 A,Herresingle,,Jakob Langeland Risa,,Deeptanshu Toka,"21/18,21/15",Jakob Langeland Risa,
2022/2023,Moss RT 17 + Sen*,26.11.2022,U17 A,Herresingle,,Varun Manikandan,,David Nguyen,"21/8,21/6",Varun Manikandan,
2022/2023,Moss RT 17 + Sen*,26.11.2022,U17 A,Herresingle,,Adit Sharma,,Mikkel Grevsnes,"21/12,21/8",Adit Sharma,
2022/2023,Moss RT 17 + Sen*,26.11.2022,U17 A,Herresingle,,Bryan Javier Matland,,Adrian Helle Ekerhovd,"21/15,21/12",Bryan Javier Matland,
2022/2023,Moss RT 17 + Sen*,26.11.2022,U17 A,Herresingle,,Mathias Wong,,Bryan Javier Matland,"21/8,21/7",Mathias Wong,
2022/2023,Moss RT 17 + Sen*,26.11.2022,U17 A,Herresingle,,Mathias Wong,,Adrian Helle Ekerhovd,"21/13,21/9",Mathias Wong,
2022/2023,Moss RT 17 + Sen*,26.11.2022,U17 A,Herresingle,,Vebjørn Isberg Haugan,,Linus Nordal,"21/11,21/17",Vebjørn Isberg Haugan,
2022/2023,Moss RT 17 + Sen*,26.11.2022,U17 A,Herresingle,,Johan Zang,,Vebjørn Isberg Haugan,"18/21,21/16,21/13",Johan Zang,
2022/2023,Moss RT 17 + Sen*,26.11.2022,U17 A,Herresingle,,Johan Zang,,Linus Nordal,"21/10,21/16",Johan Zang,
2022/2023,Moss RT 17 + Sen*,26.11.2022,U17 A,Herresingle,,Måns Anders Lund Mabäcker,,Shreyas Danve,"21/6,21/11",Måns Anders Lund Mabäcker,
2022/2023,Moss RT 17 + Sen*,26.11.2022,U17 A,Herresingle,,Måns Anders Lund Mabäcker,,Kevin Nguyen-Vuong,"21/2,21/5",Måns Anders Lund Mabäcker,
2022/2023,Moss RT 17 + Sen*,26.11.2022,U17 A,Herresingle,,Shreyas Danve,,Kevin Nguyen-Vuong,"21/9,21/6",Shreyas Danve,
2022/2023,Moss RT 17 + Sen*,26.11.2022,U17 A,Herresingle,,Henrik Frende Lavik-Haug,,Sindre Gjuvsland,"23/21,21/19",Henrik Frende Lavik-Haug,
2022/2023,Moss RT 17 + Sen*,26.11.2022,U17 A,Herresingle,,Henrik Frende Lavik-Haug,,Agarna Kokilan,"21/12,21/11",Henrik Frende Lavik-Haug,
2022/2023,Moss RT 17 + Sen*,26.11.2022,U17 A,Herresingle,,Brynjar Hus,,Sindre Gjuvsland,"21/10,21/4",Brynjar Hus,
2022/2023,Moss RT 17 + Sen*,26.11.2022,U17 A,Herresingle,,Brynjar Hus,,Agarna Kokilan,"21/4,21/7",Brynjar Hus,
2022/2023,Moss RT 17 + Sen*,26.11.2022,U17 A,Herresingle,,Brynjar Hus,,Henrik Frende Lavik-Haug,"21/16,21/9",Brynjar Hus,
2022/2023,Moss RT 17 + Sen*,26.11.2022,U17 A,Herresingle,,Sindre Gjuvsland,,Agarna Kokilan,"21/18,21/12",Sindre Gjuvsland,
2022/2023,Moss RT 17 + Sen*,26.11.2022,U17 A,Herresingle,,Ole Kristian Lie,,William R. Barø,"21/16,21/12",Ole Kristian Lie,
2022/2023,Moss RT 17 + Sen*,26.11.2022,U17 A,Herresingle,,William R. Barø,,Eirik Wallentin,"21/9,21/6",William R. Barø,
2022/2023,Moss RT 17 + Sen*,26.11.2022,U17 A,Herresingle,,Ole Kristian Lie,,Eirik Wallentin,"21/8,21/8",Ole Kristian Lie,
2022/2023,Moss RT 17 + Sen*,26.11.2022,U17 A,Herresingle,,Marius Sandvær,,Yatin Mehta,"21/10,21/14",Marius Sandvær,
2022/2023,Moss RT 17 + Sen*,26.11.2022,U17 A,Herresingle,,Yatin Mehta,,Pranav Tehlan,"21/17,21/17",Yatin Mehta,
2022/2023,Moss RT 17 + Sen*,26.11.2022,U17 A,Herresingle,,Marius Sandvær,,Pranav Tehlan,"21/3,21/15",Marius Sandvær,
2022/2023,Moss RT 17 + Sen*,26.11.2022,U17 A,Herresingle,,Jakob Langeland Risa,,Adrian Janitz,"21/18,21/13",Jakob Langeland Risa,
2022/2023,Moss RT 17 + Sen*,26.11.2022,U17 A,Herresingle,,Adrian Janitz,,Ulrick Edner Høilund,"21/5,21/12",Adrian Janitz,
2022/2023,Moss RT 17 + Sen*,26.11.2022,U17 A,Herresingle,,Jakob Langeland Risa,,Ulrick Edner Høilund,"21/6,21/8",Jakob Langeland Risa,
2022/2023,Moss RT 17 + Sen*,26.11.2022,U17 A,Herresingle,,Albert Aasheim-Engen,,Gabriel Pettersen Engelberg,"21/8,21/12",Albert Aasheim-Engen,
2022/2023,Moss RT 17 + Sen*,26.11.2022,U17 A,Herresingle,,Deeptanshu Toka,,Gabriel Pettersen Engelberg,"21/10,21/10",Deeptanshu Toka,
2022/2023,Moss RT 17 + Sen*,26.11.2022,U17 A,Herresingle,,Deeptanshu Toka,,Albert Aasheim-Engen,"21/19,21/12",Deeptanshu Toka,
2022/2023,Moss RT 17 + Sen*,26.11.2022,U17 A,Herresingle,,Sturla Mørk,,Noah Østhassel Harman,"21/6,21/13",Sturla Mørk,
2022/2023,Moss RT 17 + Sen*,26.11.2022,U17 A,Herresingle,,Varun Manikandan,,Sturla Mørk,"19/21,21/15,21/15",Varun Manikandan,
2022/2023,Moss RT 17 + Sen*,26.11.2022,U17 A,Herresingle,,Varun Manikandan,,Noah Østhassel Harman,"21/7,21/7",Varun Manikandan,
2022/2023,Moss RT 17 + Sen*,26.11.2022,U17 A,Herresingle,,David Nguyen,,Andreas Bjønness-Enghaug,"21/13,21/13",David Nguyen,
2022/2023,Moss RT 17 + Sen*,26.11.2022,U17 A,Herresingle,,David Nguyen,,Kristian Robstad,"21/15,21/18",David Nguyen,
2022/2023,Moss RT 17 + Sen*,26.11.2022,U17 A,Herresingle,,Kristian Robstad,,Andreas Bjønness-Enghaug,"21/8,21/10",Kristian Robstad,
2022/2023,Moss RT 17 + Sen*,26.11.2022,U17 A,Herresingle,,Mikkel Grevsnes,,Magnus Søderholm,"21/13,21/9",Mikkel Grevsnes,
2022/2023,Moss RT 17 + Sen*,26.11.2022,U17 A,Herresingle,,Mikkel Grevsnes,,Srijan Karthik Kancherla,"21/4,21/13",Mikkel Grevsnes,
2022/2023,Moss RT 17 + Sen*,26.11.2022,U17 A,Herresingle,,Magnus Søderholm,,Srijan Karthik Kancherla,"21/17,21/16",Magnus Søderholm,
2022/2023,Moss RT 17 + Sen*,26.11.2022,U17 A,Herresingle,,Adit Sharma,,Amund Lind,"21/18,21/8",Adit Sharma,
2022/2023,Moss RT 17 + Sen*,26.11.2022,U17 A,Herresingle,,Adit Sharma,,Sondre Dolven,"21/15,21/5",Adit Sharma,
2022/2023,Moss RT 17 + Sen*,26.11.2022,U17 A,Herresingle,,Amund Lind,,Sondre Dolven,"21/18,18/21,21/13",Amund Lind,
2022/2023,Moss RT 17 + Sen*,26.11.2022,U17 A,Herresingle,,Herman Kolstø,,Vinit Sharma,"21/10,21/15",Herman Kolstø,
2022/2023,Moss RT 17 + Sen*,26.11.2022,U17 A,Herresingle,,Heine Lam Nybakk,,Fredrik Heiberg,"21/12,21/15",Heine Lam Nybakk,
2022/2023,Moss RT 17 + Sen*,26.11.2022,U17 A,Herresingle,,Herman Kolstø,,Fredrik Heiberg,"21/11,21/10",Herman Kolstø,
2022/2023,Moss RT 17 + Sen*,26.11.2022,U17 A,Herresingle,,Heine Lam Nybakk,,Vinit Sharma,"21/12,21/5",Heine Lam Nybakk,
2022/2023,Moss RT 17 + Sen*,26.11.2022,U17 A,Herresingle,,Heine Lam Nybakk,,Herman Kolstø,"21/14,21/14",Heine Lam Nybakk,
2022/2023,Moss RT 17 + Sen*,26.11.2022,U17 A,Herresingle,,Fredrik Heiberg,,Vinit Sharma,"21/10,23/21",Fredrik Heiberg,
2022/2023,Moss RT 17 + Sen*,26.11.2022,U17 A,Damesingle,,Vilma Aasheim-Engen,,Linnea Holmedal,"21/19,15/21,22/20",Vilma Aasheim-Engen,
2022/2023,Moss RT 17 + Sen*,26.11.2022,U17 A,Damesingle,,Linnea Holmedal,,Mina Korssund,"21/19,21/19",Linnea Holmedal,
2022/2023,Moss RT 17 + Sen*,26.11.2022,U17 A,Damesingle,,Vilma Aasheim-Engen,,Sofie Jin Reistadbakk,"21/16,21/9",Vilma Aasheim-Engen,
2022/2023,Moss RT 17 + Sen*,26.11.2022,U17 A,Damesingle,,Linnea Holmedal,,Sofiia Lisna,"21/14,21/9",Linnea Holmedal,
2022/2023,Moss RT 17 + Sen*,26.11.2022,U17 A,Damesingle,,Mina Korssund,,Nila Lorvik,"21/12,19/21,21/10",Mina Korssund,
2022/2023,Moss RT 17 + Sen*,26.11.2022,U17 A,Damesingle,,Vilma Aasheim-Engen,,Selma Kvarenes Bjørnestøl,"21/19,13/21,21/18",Vilma Aasheim-Engen,
2022/2023,Moss RT 17 + Sen*,26.11.2022,U17 A,Damesingle,,Sofie Jin Reistadbakk,,Hedda Berg Angell,"21/18,21/16",Sofie Jin Reistadbakk,
2022/2023,Moss RT 17 + Sen*,26.11.2022,U17 A,Damesingle,,Mina Korssund,,Maria Botcharova Ellingsen,"21/16,21/16",Mina Korssund,
2022/2023,Moss RT 17 + Sen*,26.11.2022,U17 A,Damesingle,,Selma Kvarenes Bjørnestøl,,Oline Langeland Risa,"21/19,20/22,23/21",Selma Kvarenes Bjørnestøl,
2022/2023,Moss RT 17 + Sen*,26.11.2022,U17 A,Damesingle,,Linnea Holmedal,,Thea Stie,"21/4,21/2",Linnea Holmedal,
2022/2023,Moss RT 17 + Sen*,26.11.2022,U17 A,Damesingle,,Akarija Anton Reginold,,Thea Stie,"21/9,21/8",Akarija Anton Reginold,
2022/2023,Moss RT 17 + Sen*,26.11.2022,U17 A,Damesingle,,Linnea Holmedal,,Akarija Anton Reginold,"21/7,21/10",Linnea Holmedal,
2022/2023,Moss RT 17 + Sen*,26.11.2022,U17 A,Damesingle,,Emilie Lie Cook,,Marie A. Toverud,"21/14,21/1",Emilie Lie Cook,
2022/2023,Moss RT 17 + Sen*,26.11.2022,U17 A,Damesingle,,Sofiia Lisna,,Marie A. Toverud,"21/6,21/5",Sofiia Lisna,
2022/2023,Moss RT 17 + Sen*,26.11.2022,U17 A,Damesingle,,Sofiia Lisna,,Emilie Lie Cook,"21/12,21/9",Sofiia Lisna,
2022/2023,Moss RT 17 + Sen*,26.11.2022,U17 A,Damesingle,,Nila Lorvik,,Dorthe Lorvik,"21/9,21/8",Nila Lorvik,
2022/2023,Moss RT 17 + Sen*,26.11.2022,U17 A,Damesingle,,Dorthe Lorvik,,Anine Halvorsen Egge,"21/16,21/15",Dorthe Lorvik,
2022/2023,Moss RT 17 + Sen*,26.11.2022,U17 A,Damesingle,,Nila Lorvik,,Anine Halvorsen Egge,"21/13,21/12",Nila Lorvik,
2022/2023,Moss RT 17 + Sen*,26.11.2022,U17 A,Damesingle,,Julie Norberg,,Melanie Antonella Matland,"21/13,15/21,21/14",Julie Norberg,
2022/2023,Moss RT 17 + Sen*,26.11.2022,U17 A,Damesingle,,Maria Botcharova Ellingsen,,Julie Norberg,"21/9,21/9",Maria Botcharova Ellingsen,
2022/2023,Moss RT 17 + Sen*,26.11.2022,U17 A,Damesingle,,Maria Botcharova Ellingsen,,Melanie Antonella Matland,"21/9,21/6",Maria Botcharova Ellingsen,
2022/2023,Moss RT 17 + Sen*,26.11.2022,U17 A,Damesingle,,Mina Korssund,,Thea Øyen Selsaas,"21/10,21/6",Mina Korssund,
2022/2023,Moss RT 17 + Sen*,26.11.2022,U17 A,Damesingle,,Victoria Heiberg,,Thea Øyen Selsaas,"21/7,21/2",Victoria Heiberg,
2022/2023,Moss RT 17 + Sen*,26.11.2022,U17 A,Damesingle,,Mina Korssund,,Victoria Heiberg,"21/15,21/12",Mina Korssund,
2022/2023,Moss RT 17 + Sen*,26.11.2022,U17 A,Damesingle,,Oline Langeland Risa,,Arathija Anton Reginold,"22/20,20/22,22/20",Oline Langeland Risa,
2022/2023,Moss RT 17 + Sen*,26.11.2022,U17 A,Damesingle,,Arathija Anton Reginold,,Hannah Wong,"21/8,21/14",Arathija Anton Reginold,
2022/2023,Moss RT 17 + Sen*,26.11.2022,U17 A,Damesingle,,Oline Langeland Risa,,Hannah Wong,"21/13,21/12",Oline Langeland Risa,
2022/2023,Moss RT 17 + Sen*,26.11.2022,U17 A,Damesingle,,Selma Kvarenes Bjørnestøl,,Shuwen Yang,"21/16,21/9",Selma Kvarenes Bjørnestøl,
2022/2023,Moss RT 17 + Sen*,26.11.2022,U17 A,Damesingle,,Selma Kvarenes Bjørnestøl,,Emma Yasmin Ruud,"21/14,21/19",Selma Kvarenes Bjørnestøl,
2022/2023,Moss RT 17 + Sen*,26.11.2022,U17 A,Damesingle,,Emma Yasmin Ruud,,Shuwen Yang,"23/21,21/10",Emma Yasmin Ruud,
2022/2023,Moss RT 17 + Sen*,26.11.2022,U17 A,Damesingle,,Vilma Aasheim-Engen,,Heidi Hartmann,"21/19,21/15",Vilma Aasheim-Engen,
2022/2023,Moss RT 17 + Sen*,26.11.2022,U17 A,Damesingle,,Juli Helen Johansen Klungtveit,,Heidi Hartmann,"19/21,21/18,21/10",Juli Helen Johansen Klungtveit,
2022/2023,Moss RT 17 + Sen*,26.11.2022,U17 A,Damesingle,,Vilma Aasheim-Engen,,Juli Helen Johansen Klungtveit,"21/10,21/11",Vilma Aasheim-Engen,
2022/2023,Moss RT 17 + Sen*,26.11.2022,U17 A,Damesingle,,Minelli Marrin Mervin,,Amelia Pawlowska,"19/21,21/12,21/7",Minelli Marrin Mervin,
2022/2023,Moss RT 17 + Sen*,26.11.2022,U17 A,Damesingle,,Hedda Berg Angell,,Signe Lenning,"21/14,21/18",Hedda Berg Angell,
2022/2023,Moss RT 17 + Sen*,26.11.2022,U17 A,Damesingle,,Signe Lenning,,Amelia Pawlowska,"21/4,21/13",Signe Lenning,
2022/2023,Moss RT 17 + Sen*,26.11.2022,U17 A,Damesingle,,Hedda Berg Angell,,Minelli Marrin Mervin,"21/3,21/10",Hedda Berg Angell,
2022/2023,Moss RT 17 + Sen*,26.11.2022,U17 A,Damesingle,,Hedda Berg Angell,,Amelia Pawlowska,"21/6,21/6",Hedda Berg Angell,
2022/2023,Moss RT 17 + Sen*,26.11.2022,U17 A,Damesingle,,Signe Lenning,,Minelli Marrin Mervin,"21/9,21/14",Signe Lenning,
2022/2023,Moss RT 17 + Sen*,26.11.2022,U17 A,Damesingle,,Sofie Jin Reistadbakk,,Nancy Hang,"21/16,21/11",Sofie Jin Reistadbakk,
2022/2023,Moss RT 17 + Sen*,26.11.2022,U17 A,Damesingle,,Nancy Hang,,Abiramy Kokilan,"21/12,15/21,21/16",Nancy Hang,
2022/2023,Moss RT 17 + Sen*,26.11.2022,U17 A,Damesingle,,Sofie Jin Reistadbakk,,Abiramy Kokilan,"21/14,21/16",Sofie Jin Reistadbakk,
2022/2023,Moss RT 17 + Sen*,26.11.2022,U17 A,Herredouble,Jakob Langeland Risa,Heine Lam Nybakk,Sindre Gjuvsland,Ole Kristian Lie,"21/14,21/17",Jakob Langeland Risa,Heine Lam Nybakk
2022/2023,Moss RT 17 + Sen*,26.11.2022,U17 A,Herredouble,Jakob Langeland Risa,Heine Lam Nybakk,Marius Sandvær,Haakon Lærkerød Jelsness,"10/21,21/16,21/17",Jakob Langeland Risa,Heine Lam Nybakk
2022/2023,Moss RT 17 + Sen*,26.11.2022,U17 A,Herredouble,Sindre Gjuvsland,Ole Kristian Lie,Adit Sharma,Varun Manikandan,"21/18,21/16",Sindre Gjuvsland,Ole Kristian Lie
2022/2023,Moss RT 17 + Sen*,26.11.2022,U17 A,Herredouble,Jakob Langeland Risa,Heine Lam Nybakk,Fredrik Heiberg,Agarna Kokilan,"21/14,21/14",Jakob Langeland Risa,Heine Lam Nybakk
2022/2023,Moss RT 17 + Sen*,26.11.2022,U17 A,Herredouble,Sindre Gjuvsland,Ole Kristian Lie,Amund Lind,Pranav Tehlan,"21/13,21/15",Sindre Gjuvsland,Ole Kristian Lie
2022/2023,Moss RT 17 + Sen*,26.11.2022,U17 A,Herredouble,Albert Aasheim-Engen,William R. Barø,Deeptanshu Toka,Gabriel Pettersen Engelberg,"21/9,21/15",Albert Aasheim-Engen,William R. Barø
2022/2023,Moss RT 17 + Sen*,26.11.2022,U17 A,Herredouble,Marius Sandvær,Haakon Lærkerød Jelsness,Deeptanshu Toka,Gabriel Pettersen Engelberg,"21/15,21/6",Marius Sandvær,Haakon Lærkerød Jelsness
2022/2023,Moss RT 17 + Sen*,26.11.2022,U17 A,Herredouble,Marius Sandvær,Haakon Lærkerød Jelsness,Albert Aasheim-Engen,William R. Barø,"21/11,23/21",Marius Sandvær,Haakon Lærkerød Jelsness
2022/2023,Moss RT 17 + Sen*,26.11.2022,U17 A,Herredouble,Johan Zang,Mikkel Grevsnes,Måns Anders Lund Mabäcker,Adrian Helle Ekerhovd,"21/8,21/17",Johan Zang,Mikkel Grevsnes
2022/2023,Moss RT 17 + Sen*,26.11.2022,U17 A,Herredouble,Jakob Langeland Risa,Heine Lam Nybakk,Johan Zang,Mikkel Grevsnes,"21/16,21/14",Jakob Langeland Risa,Heine Lam Nybakk
2022/2023,Moss RT 17 + Sen*,26.11.2022,U17 A,Herredouble,Jakob Langeland Risa,Heine Lam Nybakk,Måns Anders Lund Mabäcker,Adrian Helle Ekerhovd,"20/22,21/5,21/9",Jakob Langeland Risa,Heine Lam Nybakk
2022/2023,Moss RT 17 + Sen*,26.11.2022,U17 A,Herredouble,Vebjørn Isberg Haugan,Bryan Javier Matland,Andreas Bjønness-Enghaug,Kevin Nguyen-Vuong,"21/8,21/18",Vebjørn Isberg Haugan,Bryan Javier Matland
2022/2023,Moss RT 17 + Sen*,26.11.2022,U17 A,Herredouble,Fredrik Heiberg,Agarna Kokilan,Andreas Bjønness-Enghaug,Kevin Nguyen-Vuong,"21/9,21/14",Fredrik Heiberg,Agarna Kokilan
2022/2023,Moss RT 17 + Sen*,26.11.2022,U17 A,Herredouble,Fredrik Heiberg,Agarna Kokilan,Vebjørn Isberg Haugan,Bryan Javier Matland,"21/17,21/17",Fredrik Heiberg,Agarna Kokilan
2022/2023,Moss RT 17 + Sen*,26.11.2022,U17 A,Herredouble,Amund Lind,Pranav Tehlan,Adrian Janitz,Ulrick Edner Høilund,"14/21,21/12,21/11",Amund Lind,Pranav Tehlan
2022/2023,Moss RT 17 + Sen*,26.11.2022,U17 A,Herredouble,Adrian Janitz,Ulrick Edner Høilund,Shreyas Danve,Vinit Sharma,"23/21,18/21,26/24",Adrian Janitz,Ulrick Edner Høilund
2022/2023,Moss RT 17 + Sen*,26.11.2022,U17 A,Herredouble,Amund Lind,Pranav Tehlan,Shreyas Danve,Vinit Sharma,"21/9,21/11",Amund Lind,Pranav Tehlan
2022/2023,Moss RT 17 + Sen*,26.11.2022,U17 A,Herredouble,Eirik Wallentin,Kristian Robstad,Srijan Karthik Kancherla,Linus Nordal,"22/20,23/21",Eirik Wallentin,Kristian Robstad
2022/2023,Moss RT 17 + Sen*,26.11.2022,U17 A,Herredouble,Sindre Gjuvsland,Ole Kristian Lie,Eirik Wallentin,Kristian Robstad,"21/16,21/11",Sindre Gjuvsland,Ole Kristian Lie
2022/2023,Moss RT 17 + Sen*,26.11.2022,U17 A,Herredouble,Sindre Gjuvsland,Ole Kristian Lie,Srijan Karthik Kancherla,Linus Nordal,"21/13,21/7",Sindre Gjuvsland,Ole Kristian Lie
2022/2023,Moss RT 17 + Sen*,26.11.2022,U17 A,Herredouble,Sturla Mørk,David Nguyen,Yatin Mehta,Sondre Dolven,"21/11,21/15",Sturla Mørk,David Nguyen
2022/2023,Moss RT 17 + Sen*,26.11.2022,U17 A,Herredouble,Adit Sharma,Varun Manikandan,Herman Kolstø,Henrik Frende Lavik-Haug,"21/14,21/16",Adit Sharma,Varun Manikandan
2022/2023,Moss RT 17 + Sen*,26.11.2022,U17 A,Herredouble,Herman Kolstø,Henrik Frende Lavik-Haug,Yatin Mehta,Sondre Dolven,"21/17,25/27,21/14",Herman Kolstø,Henrik Frende Lavik-Haug
2022/2023,Moss RT 17 + Sen*,26.11.2022,U17 A,Herredouble,Adit Sharma,Varun Manikandan,Sturla Mørk,David Nguyen,"21/14,21/12",Adit Sharma,Varun Manikandan
2022/2023,Moss RT 17 + Sen*,26.11.2022,U17 A,Herredouble,Adit Sharma,Varun Manikandan,Yatin Mehta,Sondre Dolven,"21/10,21/13",Adit Sharma,Varun Manikandan
2022/2023,Moss RT 17 + Sen*,26.11.2022,U17 A,Herredouble,Sturla Mørk,David Nguyen,Herman Kolstø,Henrik Frende Lavik-Haug,"21/18,22/20",Sturla Mørk,David Nguyen
2022/2023,Moss RT 17 + Sen*,26.11.2022,U17 A,Damedouble,Linnea Holmedal,Mina Korssund,Vilma Aasheim-Engen,Nila Lorvik,"21/18,21/17",Linnea Holmedal,Mina Korssund
2022/2023,Moss RT 17 + Sen*,26.11.2022,U17 A,Damedouble,Linnea Holmedal,Mina Korssund,Anine Halvorsen Egge,Sofiia Lisna,"21/14,21/9",Linnea Holmedal,Mina Korssund
2022/2023,Moss RT 17 + Sen*,26.11.2022,U17 A,Damedouble,Vilma Aasheim-Engen,Nila Lorvik,Maria Botcharova Ellingsen,Dorthe Lorvik,"21/12,20/22,21/16",Vilma Aasheim-Engen,Nila Lorvik
2022/2023,Moss RT 17 + Sen*,26.11.2022,U17 A,Damedouble,Maria Botcharova Ellingsen,Dorthe Lorvik,Akarija Anton Reginold,Arathija Anton Reginold,"17/21,21/19,21/15",Maria Botcharova Ellingsen,Dorthe Lorvik
2022/2023,Moss RT 17 + Sen*,26.11.2022,U17 A,Damedouble,Hedda Berg Angell,Selma Kvarenes Bjørnestøl,Juli Helen Johansen Klungtveit,Oline Langeland Risa,"21/9,21/15",Hedda Berg Angell,Selma Kvarenes Bjørnestøl
2022/2023,Moss RT 17 + Sen*,26.11.2022,U17 A,Damedouble,Linnea Holmedal,Mina Korssund,Hedda Berg Angell,Selma Kvarenes Bjørnestøl,"21/11,21/16",Linnea Holmedal,Mina Korssund
2022/2023,Moss RT 17 + Sen*,26.11.2022,U17 A,Damedouble,Linnea Holmedal,Mina Korssund,Juli Helen Johansen Klungtveit,Oline Langeland Risa,"21/8,21/7",Linnea Holmedal,Mina Korssund
2022/2023,Moss RT 17 + Sen*,26.11.2022,U17 A,Damedouble,Heidi Hartmann,Shuwen Yang,Melanie Antonella Matland,Marie A. Toverud,"21/5,21/3",Heidi Hartmann,Shuwen Yang
2022/2023,Moss RT 17 + Sen*,26.11.2022,U17 A,Damedouble,Anine Halvorsen Egge,Sofiia Lisna,Heidi Hartmann,Shuwen Yang,"21/12,20/22,21/17",Anine Halvorsen Egge,Sofiia Lisna
2022/2023,Moss RT 17 + Sen*,26.11.2022,U17 A,Damedouble,Anine Halvorsen Egge,Sofiia Lisna,Melanie Antonella Matland,Marie A. Toverud,"21/6,21/14",Anine Halvorsen Egge,Sofiia Lisna
2022/2023,Moss RT 17 + Sen*,26.11.2022,U17 A,Damedouble,Akarija Anton Reginold,Arathija Anton Reginold,Signe Lenning,Thea Øyen Selsaas,"21/12,21/17",Akarija Anton Reginold,Arathija Anton Reginold
2022/2023,Moss RT 17 + Sen*,26.11.2022,U17 A,Damedouble,Akarija Anton Reginold,Arathija Anton Reginold,Nancy Hang,Victoria Heiberg,"19/21,21/15,21/19",Akarija Anton Reginold,Arathija Anton Reginold
2022/2023,Moss RT 17 + Sen*,26.11.2022,U17 A,Damedouble,Nancy Hang,Victoria Heiberg,Signe Lenning,Thea Øyen Selsaas,"21/18,21/15",Nancy Hang,Victoria Heiberg
2022/2023,Moss RT 17 + Sen*,26.11.2022,U17 A,Damedouble,Abiramy Kokilan,Minelli Marrin Mervin,Amelia Pawlowska,Thea Stie,"16/21,21/15,23/21",Abiramy Kokilan,Minelli Marrin Mervin
2022/2023,Moss RT 17 + Sen*,26.11.2022,U17 A,Damedouble,Maria Botcharova Ellingsen,Dorthe Lorvik,Abiramy Kokilan,Minelli Marrin Mervin,"21/8,21/13",Maria Botcharova Ellingsen,Dorthe Lorvik
2022/2023,Moss RT 17 + Sen*,26.11.2022,U17 A,Damedouble,Maria Botcharova Ellingsen,Dorthe Lorvik,Amelia Pawlowska,Thea Stie,"21/17,21/9",Maria Botcharova Ellingsen,Dorthe Lorvik
2022/2023,Moss RT 17 + Sen*,26.11.2022,U17 A,Damedouble,Sofie Jin Reistadbakk,Emma Yasmin Ruud,Hannah Wong,Emilie Lie Cook,"21/19,21/9",Sofie Jin Reistadbakk,Emma Yasmin Ruud
2022/2023,Moss RT 17 + Sen*,26.11.2022,U17 A,Damedouble,Vilma Aasheim-Engen,Nila Lorvik,Sofie Jin Reistadbakk,Emma Yasmin Ruud,"21/14,21/12",Vilma Aasheim-Engen,Nila Lorvik
2022/2023,Moss RT 17 + Sen*,26.11.2022,U17 A,Damedouble,Vilma Aasheim-Engen,Nila Lorvik,Hannah Wong,Emilie Lie Cook,"21/6,21/11",Vilma Aasheim-Engen,Nila Lorvik
2022/2023,Moss RT 17 + Sen*,26.11.2022,U17 A,Mixeddouble,Aleksander Jakovlevs,Mina Korssund,Haakon Lærkerød Jelsness,Emma Yasmin Ruud,"21/11,21/14",Aleksander Jakovlevs,Mina Korssund
2022/2023,Moss RT 17 + Sen*,26.11.2022,U17 A,Mixeddouble,Haakon Lærkerød Jelsness,Emma Yasmin Ruud,Linnea Holmedal,Brynjar Hus,"21/9,21/23,21/18",Haakon Lærkerød Jelsness,Emma Yasmin Ruud
2022/2023,Moss RT 17 + Sen*,26.11.2022,U17 A,Mixeddouble,Aleksander Jakovlevs,Mina Korssund,Nila Lorvik,Marius Sandvær,"21/17,21/12",Aleksander Jakovlevs,Mina Korssund
2022/2023,Moss RT 17 + Sen*,26.11.2022,U17 A,Mixeddouble,Linnea Holmedal,Brynjar Hus,Emilie Lie Cook,Amund Lind,"21/13,21/5",Linnea Holmedal,Brynjar Hus
2022/2023,Moss RT 17 + Sen*,26.11.2022,U17 A,Mixeddouble,Haakon Lærkerød Jelsness,Emma Yasmin Ruud,Adit Sharma,Akarija Anton Reginold,"21/18,21/19",Haakon Lærkerød Jelsness,Emma Yasmin Ruud
2022/2023,Moss RT 17 + Sen*,26.11.2022,U17 A,Mixeddouble,Nila Lorvik,Marius Sandvær,Sindre Gjuvsland,Oline Langeland Risa,"17/21,21/12,21/15",Nila Lorvik,Marius Sandvær
2022/2023,Moss RT 17 + Sen*,26.11.2022,U17 A,Mixeddouble,Aleksander Jakovlevs,Mina Korssund,Ole Kristian Lie,Arathija Anton Reginold,"21/7,21/11",Aleksander Jakovlevs,Mina Korssund
2022/2023,Moss RT 17 + Sen*,26.11.2022,U17 A,Mixeddouble,Linnea Holmedal,Brynjar Hus,Marie A. Toverud,Jon Vidar Jonsson,"21/8,21/3",Linnea Holmedal,Brynjar Hus
2022/2023,Moss RT 17 + Sen*,26.11.2022,U17 A,Mixeddouble,Emilie Lie Cook,Amund Lind,Albert Aasheim-Engen,Nancy Hang,"22/20,21/19",Emilie Lie Cook,Amund Lind
2022/2023,Moss RT 17 + Sen*,26.11.2022,U17 A,Mixeddouble,Haakon Lærkerød Jelsness,Emma Yasmin Ruud,Henrik Frende Lavik-Haug,Heidi Hartmann,"21/16,21/9",Haakon Lærkerød Jelsness,Emma Yasmin Ruud
2022/2023,Moss RT 17 + Sen*,26.11.2022,U17 A,Mixeddouble,Adit Sharma,Akarija Anton Reginold,Signe Lenning,Adrian Janitz,"21/12,21/15",Adit Sharma,Akarija Anton Reginold
2022/2023,Moss RT 17 + Sen*,26.11.2022,U17 A,Mixeddouble,Sindre Gjuvsland,Oline Langeland Risa,Sofie Jin Reistadbakk,Heine Lam Nybakk,"21/15,17/21,21/15",Sindre Gjuvsland,Oline Langeland Risa
2022/2023,Moss RT 17 + Sen*,26.11.2022,U17 A,Mixeddouble,Nila Lorvik,Marius Sandvær,Sondre Dolven,Shuwen Yang,"21/11,21/16",Nila Lorvik,Marius Sandvær
2022/2023,Moss RT 17 + Sen*,26.11.2022,U17 A,Mixeddouble,Ole Kristian Lie,Arathija Anton Reginold,Vilma Aasheim-Engen,Varun Manikandan,"17/21,21/19,23/21",Ole Kristian Lie,Arathija Anton Reginold
2022/2023,Moss RT 17 + Sen*,26.11.2022,U17 A,Mixeddouble,Aleksander Jakovlevs,Mina Korssund,Deeptanshu Toka,Victoria Heiberg,"21/1,21/4",Aleksander Jakovlevs,Mina Korssund
2022/2023,Moss RT 17 + Sen*,26.11.2022,U17 A,Mixeddouble,Marie A. Toverud,Jon Vidar Jonsson,Anine Halvorsen Egge,Gabriel Pettersen Engelberg,"22/20,22/20",Marie A. Toverud,Jon Vidar Jonsson
2022/2023,Moss RT 17 + Sen*,26.11.2022,U17 A,Mixeddouble,Albert Aasheim-Engen,Nancy Hang,Sofiia Lisna,Kristian Robstad,"22/24,21/15,21/18",Albert Aasheim-Engen,Nancy Hang
2022/2023,Moss RT 17 + Sen*,26.11.2022,U17 A,Mixeddouble,Emilie Lie Cook,Amund Lind,Johan Zang,Abiramy Kokilan,"21/16,21/11",Emilie Lie Cook,Amund Lind
2022/2023,Moss RT 17 + Sen*,26.11.2022,U17 A,Mixeddouble,Henrik Frende Lavik-Haug,Heidi Hartmann,Dorthe Lorvik,Måns Anders Lund Mabäcker,"21/14,21/13",Henrik Frende Lavik-Haug,Heidi Hartmann
2022/2023,Moss RT 17 + Sen*,26.11.2022,U17 A,Mixeddouble,Signe Lenning,Adrian Janitz,David Nguyen,Hedda Berg Angell,"23/25,21/13,21/15",Signe Lenning,Adrian Janitz
2022/2023,Moss RT 17 + Sen*,26.11.2022,U17 A,Mixeddouble,Adit Sharma,Akarija Anton Reginold,Jakob Langeland Risa,Juli Helen Johansen Klungtveit,"21/19,25/23",Adit Sharma,Akarija Anton Reginold
2022/2023,Moss RT 17 + Sen*,26.11.2022,U17 A,Mixeddouble,Sofie Jin Reistadbakk,Heine Lam Nybakk,Herman Kolstø,Thea Øyen Selsaas,"21/11,21/10",Sofie Jin Reistadbakk,Heine Lam Nybakk
2022/2023,Moss RT 17 + Sen*,26.11.2022,U17 A,Mixeddouble,Sindre Gjuvsland,Oline Langeland Risa,Sturla Mørk,Selma Kvarenes Bjørnestøl,"18/21,22/20,21/8",Sindre Gjuvsland,Oline Langeland Risa
2022/2023,Moss RT 17 + Sen*,26.11.2022,U17 A,Mixeddouble,Sondre Dolven,Shuwen Yang,Melanie Antonella Matland,Vebjørn Isberg Haugan,"18/21,21/16,21/12",Sondre Dolven,Shuwen Yang
2022/2023,Moss RT 17 + Sen*,26.11.2022,U17 A,Mixeddouble,Ole Kristian Lie,Arathija Anton Reginold,Hannah Wong,Bryan Javier Matland,"21/16,21/15",Ole Kristian Lie,Arathija Anton Reginold
2022/2023,Moss RT 17 + Sen*,26.11.2022,U17 A,Mixeddouble,Vilma Aasheim-Engen,Varun Manikandan,Yatin Mehta,Maria Botcharova Ellingsen,"21/12,21/16",Vilma Aasheim-Engen,Varun Manikandan
2022/2023,Moss RT 17 + Sen*,26.11.2022,U17 A,Mixeddouble,Deeptanshu Toka,Victoria Heiberg,Thea Stie,Andreas Bjønness-Enghaug,"21/8,21/7",Deeptanshu Toka,Victoria Heiberg
